Date,Open Price,High Price,Low Price,Close Price,WAP,No.of Shares,No. of Trades,Total Turnover (Rs.),Deliverable Quantity,% Deli. Qty to Traded Qty,Spread High-Low,Spread Close-Open
27-Jan-23,2381.95,2388.05,2312.1,2337.75,2334.590938,452582,59632,1056593836,246365,54.44,75.95,-44.2
25-Jan-23,2410,2414.8,2381,2382.95,2393.973382,103914,14987,248767350,58915,56.7,33.8,-27.05
24-Jan-23,2432.5,2443.9,2388.65,2415.15,2417.967222,349349,15122,844714431,250814,71.79,55.25,-17.35
23-Jan-23,2450,2466,2426,2429.6,2441.525381,213860,19969,522144618,70364,32.9,40,-20.4
20-Jan-23,2481.7,2481.7,2438.1,2442.7,2454.859676,174012,11317,427175042,109256,62.79,43.6,-39
19-Jan-23,2474.2,2480.95,2457.5,2471.1,2474.386663,201558,11803,498732427,142838,70.87,23.45,-3.1
18-Jan-23,2479,2491.5,2460.45,2474.6,2479.727199,126814,7526,314464125,77842,61.38,31.05,-4.4
17-Jan-23,2453.15,2483.5,2452,2478.55,2466.1152,186970,13442,461089559,78640,42.06,31.5,25.4
16-Jan-23,2474.9,2479.75,2436.05,2444.7,2454.488808,140006,10360,343643160,91129,65.09,43.7,-30.2
13-Jan-23,2468.6,2473.2,2434.8,2467.35,2453.151561,248982,25804,610790582,120974,48.59,38.4,-1.25
12-Jan-23,2525,2531.9,2465.65,2472.1,2486.411885,185343,16171,460839038,115683,62.42,66.25,-52.9
11-Jan-23,2555.2,2558.2,2522,2525.5,2534.780641,127795,11916,323932292,85024,66.53,36.2,-29.7
10-Jan-23,2604.05,2605,2546.05,2557.95,2571.373593,152642,12735,392499608,93407,61.19,58.95,-46.1
09-Jan-23,2543.7,2601.8,2539.1,2596.55,2582.897136,298492,22874,770974132,190749,63.9,62.7,52.85
06-Jan-23,2529,2547.5,2518.65,2537.25,2535.070145,113594,11000,287968758,57740,50.83,28.85,8.25
05-Jan-23,2525,2536,2504.25,2513.5,2515.544678,143907,9677,362004488,85740,59.58,31.75,-11.5
04-Jan-23,2559,2559.6,2514.85,2518.15,2530.522576,172926,12141,437593147,128295,74.19,44.75,-40.85
03-Jan-23,2567.7,2573,2548.05,2557,2558.559681,136124,13214,348281378,87348,64.17,24.95,-10.7
02-Jan-23,2556.9,2580,2548.2,2575.15,2565.037495,174612,14042,447886327,98899,56.64,31.8,18.25
30-Dec-22,2547,2576.9,2542.55,2548.2,2560.573073,77470,7964,198367596,18712,24.15,34.35,1.2
29-Dec-22,2532.05,2549,2526.5,2542.55,2536.476649,157229,13560,398807687,103570,65.87,22.5,10.5
28-Dec-22,2535.9,2549.9,2521.25,2544.45,2537.520509,168925,13441,428650652,105693,62.57,28.65,8.55
27-Dec-22,2529,2548.8,2514.35,2545.05,2534.556939,184837,18372,468479901,91598,49.56,34.45,16.05
26-Dec-22,2513.7,2542.05,2493.95,2524.5,2522.321151,95382,7874,240584036,28581,29.96,48.1,10.8
23-Dec-22,2564,2589.75,2493,2501.55,2541.28754,307147,38425,780548844,157324,51.22,96.75,-62.45
22-Dec-22,2595.2,2606.65,2565.9,2577.9,2583.664125,93106,9175,240554632,32813,35.24,40.75,-17.3
21-Dec-22,2622,2633.6,2576.35,2584.4,2602.003754,77509,8722,201678709,27381,35.33,57.25,-37.6
20-Dec-22,2593.95,2626,2566.6,2621.15,2592.252181,129098,12996,334654572,47647,36.91,59.4,27.2
19-Dec-22,2583.95,2603.25,2567.7,2600,2583.293001,67621,6588,174684856,19050,28.17,35.55,16.05
16-Dec-22,2570,2619,2558.1,2565.1,2591.142753,169510,18159,439224608,51096,30.14,60.9,-4.9
15-Dec-22,2609.5,2614.9,2571,2578.75,2586.912955,95215,7713,246312917,51216,53.79,43.9,-30.75
14-Dec-22,2631.2,2639.5,2611,2614.9,2621.790092,42452,5302,111300233,15669,36.91,28.5,-16.3
13-Dec-22,2617,2633.2,2606.75,2624.2,2620.798164,65370,9896,171321576,26008,39.79,26.45,7.2
12-Dec-22,2590,2623,2585,2612.25,2607.771418,117691,12262,306911226,47056,39.98,38,22.25
09-Dec-22,2648.9,2660.6,2602.15,2609.1,2628.873823,155892,15996,409820398,81206,52.09,58.45,-39.8
08-Dec-22,2665.5,2665.5,2640.05,2649.5,2651.144898,93535,7925,247974838,51778,55.36,25.45,-16
07-Dec-22,2686.8,2694.35,2643,2649.9,2668.939274,116129,11141,309941249,54491,46.92,51.35,-36.9
06-Dec-22,2660,2697,2660,2688.25,2684.595153,197739,14549,530849161,95692,48.39,37,28.25
05-Dec-22,2719.95,2719.95,2678.35,2682.85,2694.095022,208698,20747,562252243,107755,51.63,41.6,-37.1
02-Dec-22,2726.25,2747.65,2701,2722.65,2724.29339,114503,9191,311939766,33680,29.41,46.65,-3.6
01-Dec-22,2736,2754.7,2716,2722.95,2740.119534,245387,20390,672389712,131369,53.54,38.7,-13.05
30-Nov-22,2715,2743.6,2699.1,2732.4,2724.009827,116521,9761,317404349,43532,37.36,44.5,17.4
29-Nov-22,2704.1,2730.5,2693.4,2711.05,2711.97716,225659,21081,611982054,135214,59.92,37.1,6.95
28-Nov-22,2601.35,2721.6,2585,2708.05,2688.029406,358911,23804,964763322,191413,53.33,136.6,106.7
25-Nov-22,2583.05,2624.15,2581.35,2617.05,2605.353289,228490,20395,595297173,143293,62.71,42.8,34
24-Nov-22,2566,2592,2548.35,2582.55,2563.652921,101023,7808,258987909,55446,54.88,43.65,16.55
23-Nov-22,2579,2579,2552.15,2556.45,2560.826056,188170,8879,481870639,149423,79.41,26.85,-22.55
22-Nov-22,2544.25,2568,2536.9,2564.3,2558.801235,201826,7845,516432618,142326,70.52,31.1,20.05
21-Nov-22,2585,2589.3,2543,2550.05,2555.20476,104254,7858,266390317,60507,58.04,46.3,-34.95
18-Nov-22,2606,2608.85,2572,2597.55,2588.569765,138143,11998,357592793,60174,43.56,36.85,-8.45
17-Nov-22,2586,2613,2581.35,2601.3,2599.923626,181514,9381,471922537,131293,72.33,31.65,15.3
16-Nov-22,2604,2615.05,2581.2,2591.85,2602.095846,116478,8062,303086920,58050,49.84,33.85,-12.15
15-Nov-22,2618.05,2627.75,2590.05,2606.7,2612.900565,403971,10322,1055536054,336942,83.41,37.7,-11.35
14-Nov-22,2625,2642.65,2605.55,2617.95,2631.228823,4751003,8727,12500976032,4691237,98.74,37.1,-7.05
11-Nov-22,2598.7,2635,2587.25,2631.35,2613.913257,402694,27518,1052607185,251036,62.34,47.75,32.65
10-Nov-22,2585,2596.95,2563,2574.45,2577.477367,240161,13328,619009542,194627,81.04,33.95,-10.55
09-Nov-22,2606,2621.5,2591.35,2603,2612.211523,185280,9617,483990551,109764,59.24,30.15,-3
07-Nov-22,2592,2609.9,2574,2606.15,2595.522996,168418,10357,437132792,75181,44.64,35.9,14.15
04-Nov-22,2548,2595.25,2548,2592.45,2580.935632,295536,21773,762759393,208040,70.39,47.25,44.45
03-Nov-22,2526.15,2560,2526.15,2555.95,2546.924638,213304,11281,543269213,140587,65.91,33.85,29.8
02-Nov-22,2528.35,2550.25,2514.25,2545.4,2533.308345,119457,9725,302621415,63304,52.99,36,17.05
01-Nov-22,2582,2588.45,2508,2529.75,2540.286373,195343,12671,496227161,75171,38.48,80.45,-52.25
31-Oct-22,2535,2560.5,2533.1,2549.55,2551.109721,238633,13902,608778966,112658,47.21,27.4,14.55
28-Oct-22,2463.05,2534,2460.2,2526,2508.28631,250899,15155,629326527,92209,36.75,73.8,62.95
27-Oct-22,2456,2468,2433.2,2450.1,2446.098415,240543,17152,588391851,124711,51.85,34.8,-5.9
25-Oct-22,2498,2498.15,2437.55,2441.85,2478.511554,2676294,11760,6633225601,2614746,97.7,60.6,-56.15
24-Oct-22,2464.5,2501,2458.35,2479.7,2482.753281,117206,16896,290993581,63877,54.5,42.65,15.2
21-Oct-22,2507,2516.5,2467,2471.95,2490.889255,228842,16869,570020079,73341,32.05,49.5,-35.05
20-Oct-22,2478.05,2519,2478.05,2500.9,2504.065137,268387,15326,672058530,152727,56.91,40.95,22.85
19-Oct-22,2452.15,2527,2441.9,2496.5,2499.191753,304000,16998,759754293,87086,28.65,85.1,44.35
18-Oct-22,2420,2463,2420,2450.55,2451.134656,275176,19597,674493430,147796,53.71,43,30.55
17-Oct-22,2354.7,2413.75,2343.6,2410,2389.790759,312009,20747,745636225,134105,42.98,70.15,55.3
14-Oct-22,2412,2416.05,2368.35,2371,2396.239266,169418,14521,405966064,68900,40.67,47.7,-41
13-Oct-22,2375.8,2394.2,2361,2383.85,2379.283695,89649,7983,213300404,39908,44.52,33.2,8.05
12-Oct-22,2354.95,2380.8,2345.55,2375.05,2367.914304,92000,8254,217848116,29589,32.16,35.25,20.1
11-Oct-22,2411.25,2412,2351,2357.25,2405.042714,3962521,10278,9530032262,3899287,98.4,61,-54
10-Oct-22,2409.05,2417.7,2388,2405.75,2401.631189,138925,15187,333646613,51122,36.8,29.7,-3.3
07-Oct-22,2418,2443.9,2413.85,2433.25,2432.162962,151735,12655,369044247,65180,42.96,30.05,15.25
06-Oct-22,2436,2450,2418.4,2422.65,2434.045214,90481,9000,220234845,35116,38.81,31.6,-13.35
04-Oct-22,2398.45,2417.9,2390.35,2413.05,2404.73809,155355,10765,373588086,70379,45.3,27.55,14.6
03-Oct-22,2397,2416.95,2363.5,2374.3,2386.462052,228998,16312,546495037,75361,32.91,53.45,-22.7
30-Sep-22,2318,2401.15,2315,2377.7,2369.513505,251390,23226,595672000,106593,42.4,86.15,59.7
29-Sep-22,2358,2367.75,2313.55,2325.3,2343.954008,191249,17781,448278860,114972,60.12,54.2,-32.7
28-Sep-22,2365.1,2378.4,2327.85,2332.1,2355.540516,249075,20903,586706254,142662,57.28,50.55,-33
27-Sep-22,2395,2425.75,2360.15,2395.4,2393.208169,420283,27061,1005824709,227032,54.02,65.6,0.4
26-Sep-22,2404,2417.65,2375.5,2377.5,2393.645621,130939,14925,313421564,71301,54.45,42.15,-26.5
23-Sep-22,2485.5,2495.05,2435.2,2439.35,2454.65619,110625,12730,271546341,54475,49.24,59.85,-46.15
22-Sep-22,2482.9,2502.65,2472.55,2485.9,2488.491827,88397,10302,219975212,35752,40.44,30.1,3
21-Sep-22,2501.85,2534,2495.7,2509.25,2515.894345,74857,8609,188332303,19148,25.58,38.3,7.4
20-Sep-22,2525,2537.2,2495.85,2502.05,2522.637006,93423,8957,235672317,38510,41.22,41.35,-22.95
19-Sep-22,2499.2,2521.9,2481.6,2502.35,2499.561183,2963131,16024,7406527229,2867216,96.76,40.3,3.15
16-Sep-22,2549,2553.6,2491.25,2499.3,2515.105952,210585,17578,529643587,137146,65.13,62.35,-49.7
15-Sep-22,2586,2602.3,2557,2561.75,2571.263554,180396,12863,463845660,86615,48.01,45.3,-24.25
14-Sep-22,2565,2609.5,2565,2587.8,2594.66988,257288,21499,667577424,140256,54.51,44.5,22.8
13-Sep-22,2615,2628.55,2601,2620.15,2619.780893,223055,14356,584355227,115086,51.6,27.55,5.15
12-Sep-22,2573.7,2611.4,2572,2597.6,2597.655617,152127,11262,395173556,76606,50.36,39.4,23.9
09-Sep-22,2606.55,2606.85,2565,2568.6,2576.066251,165838,9087,427209675,98140,59.18,41.85,-37.95
08-Sep-22,2590,2597,2571,2585.2,2581.174468,164380,9935,424293459,106501,64.79,26,-4.8
07-Sep-22,2579.7,2594.5,2569.05,2581.15,2583.745079,191624,9748,495107567,115672,60.36,25.45,1.45
06-Sep-22,2569.6,2605.5,2569.6,2595.4,2593.222285,376714,23540,976903140,198139,52.6,35.9,25.8
05-Sep-22,2530,2581,2530,2570.25,2562.918269,119294,9765,305740772,36870,30.91,51,40.25
02-Sep-22,2565,2574,2525,2529.8,2547.483435,266857,18989,679813787,159686,59.84,49,-35.2
01-Sep-22,2589.1,2605.95,2552,2560.2,2569.320853,1149213,42249,2952696926,975134,84.85,53.95,-28.9
30-Aug-22,2621.7,2645.95,2577.15,2639.1,2612.067452,297293,16525,776549369,89679,30.17,68.8,17.4
29-Aug-22,2570,2653.3,2570,2596.8,2616.668685,504166,29047,1319235384,166898,33.1,83.3,26.8
26-Aug-22,2638,2647.9,2608,2618.75,2621.196279,185236,20405,485539914,103874,56.08,39.9,-19.25
25-Aug-22,2651,2662.3,2622,2630.5,2647.660726,86635,9096,229380087,27183,31.38,40.3,-20.5
24-Aug-22,2637.4,2668.5,2636,2639.05,2650.460873,150278,13665,398305959,56068,37.31,32.5,1.65
23-Aug-22,2586,2652,2586,2647.5,2626.374168,225535,18965,592339298,110252,48.88,66,61.5
22-Aug-22,2616,2630.55,2586.2,2606.7,2603.903243,167523,13946,436213683,91252,54.47,44.35,-9.3
19-Aug-22,2654.05,2661,2605.3,2613.6,2627.95706,136003,11870,357410044,68049,50.03,55.7,-40.45
18-Aug-22,2663.45,2668.5,2640.25,2660.65,2652.570778,181482,12244,481393850,117309,64.64,28.25,-2.8
17-Aug-22,2660.55,2677.6,2656,2664.45,2666.56326,114212,9364,304553523,50789,44.47,21.6,3.9
16-Aug-22,2649.8,2656.6,2627.8,2650.55,2642.644464,75427,7713,199326744,25881,34.31,28.8,0.75
12-Aug-22,2586.25,2641,2582.1,2632.65,2626.058408,222555,12790,584442429,98779,44.38,58.9,46.4
11-Aug-22,2600,2615,2580.8,2590.2,2592.212552,99044,7576,256743100,49899,50.38,34.2,-9.8
10-Aug-22,2572,2589.95,2558,2581.95,2574.163652,111725,8256,287598434,49034,43.89,31.95,9.95
08-Aug-22,2535,2583.5,2531.65,2566.8,2569.493966,187347,15166,481386986,86036,45.92,51.85,31.8
05-Aug-22,2577,2578,2527.5,2533.95,2543.158073,133584,10186,339725228,49728,37.23,50.5,-43.05
04-Aug-22,2616,2617.65,2535,2571.4,2569.204318,190556,12523,489577298,48915,25.67,82.65,-44.6
03-Aug-22,2597.45,2610,2567.55,2605.8,2590.220163,159491,11981,413116804,56419,35.37,42.45,8.35
02-Aug-22,2572.8,2606.5,2560.55,2583.1,2583.179391,283788,22047,733075313,140059,49.35,45.95,10.3
01-Aug-22,2513,2587,2507.95,2575.1,2511.620212,4318904,12703,10847446581,4200059,97.25,79.05,62.1
29-Jul-22,2470,2517,2463.5,2508.75,2492.768099,435531,35226,1085677783,259911,59.68,53.5,38.75
28-Jul-22,2435,2467,2421.1,2457.25,2446.979862,302611,24442,740483023,175253,57.91,45.9,22.25
27-Jul-22,2419.4,2427,2402,2419.25,2417.306545,182221,9982,440484016,121386,66.61,25,-0.15
26-Jul-22,2423.8,2444.05,2412.45,2420.5,2432.818255,261141,13144,635308592,125144,47.92,31.6,-3.3
25-Jul-22,2469,2469,2403.95,2420.15,2422.816881,465538,26354,1127913325,246804,53.01,65.05,-48.85
22-Jul-22,2500,2516.8,2495,2502.9,2505.714658,394782,21054,989211044,224130,56.77,21.8,2.9
21-Jul-22,2498,2498.65,2468,2487.4,2482.829098,236686,14612,587650888,133642,56.46,30.65,-10.6
20-Jul-22,2535,2545.05,2485.55,2501.4,2505.0974,536736,33500,1344575958,260896,48.61,59.5,-33.6
19-Jul-22,2411,2447,2400.75,2441.2,2433.418643,354911,15090,863647044,182847,51.52,46.25,30.2
18-Jul-22,2420.05,2425,2393.5,2422.15,2402.101317,4311256,10615,10356073716,4203211,97.49,31.5,2.1
15-Jul-22,2420,2420,2383.6,2401.55,2397.233238,105343,8334,252531741,28741,27.28,36.4,-18.45
14-Jul-22,2389.7,2434.5,2377.5,2396.95,2398.721031,249673,17689,598895876,116464,46.65,57,7.25
13-Jul-22,2429,2433.95,2373,2377.3,2397.920256,185355,13890,444466509,95372,51.45,60.95,-51.7
12-Jul-22,2411,2439,2403.9,2420.15,2425.766758,203047,13638,492544663,56116,27.64,35.1,9.15
11-Jul-22,2380,2428,2370.3,2423.2,2391.706924,805038,28512,1925414959,596956,74.15,57.7,43.2
08-Jul-22,2414.9,2415.85,2383,2391.5,2394.747921,222410,15097,532615885,89687,40.32,32.85,-23.4
07-Jul-22,2424.8,2433.9,2375.05,2387.65,2391.638704,452454,39916,1082106498,229597,50.74,58.85,-37.15
06-Jul-22,2425.05,2441.15,2387.4,2411.95,2410.121485,259341,19968,625043316,89471,34.5,53.75,-13.1
05-Jul-22,2424.95,2464.65,2417.6,2433.2,2443.121169,435731,29443,1064543630,177535,40.74,47.05,8.25
04-Jul-22,2388.8,2441.85,2367,2413.95,2413.444983,893090,55047,2155423580,325812,36.48,74.85,25.15
01-Jul-22,2580,2591.65,2365,2408.95,2433.03573,1078836,78025,2624846535,378853,35.12,226.65,-171.05
30-Jun-22,2576,2615.8,2567.3,2594.05,2596.497528,209154,15613,543067844,84855,40.57,48.5,18.05
29-Jun-22,2504.35,2596.85,2501,2579.05,2560.146452,305035,28326,780934273,112706,36.95,95.85,74.7
28-Jun-22,2482.15,2535,2482.15,2529,2514.641354,127683,13180,321076952,37514,29.38,52.85,46.85
27-Jun-22,2549,2549,2482,2491.95,2513.465852,180405,15735,453441807,59909,33.21,67,-57.05
24-Jun-22,2490,2510.95,2468.25,2500.75,2491.739346,182130,14141,453820487,59086,32.44,42.7,10.75
23-Jun-22,2520,2524.9,2446,2464.6,2475.861316,282095,38558,698428098,111461,39.51,78.9,-55.4
22-Jun-22,2563,2563,2501,2505.2,2524.267547,191652,20228,483780924,61384,32.03,62,-57.8
21-Jun-22,2552.4,2592.7,2529,2584.55,2562.531386,135235,12117,346543932,21106,15.61,63.7,32.15
20-Jun-22,2607,2618.1,2521.1,2542.8,2553.351919,141291,13241,360765646,27879,19.73,97,-64.2
17-Jun-22,2532,2624.45,2532,2589.3,2592.376797,259291,19057,672179972,58811,22.68,92.45,57.3
16-Jun-22,2622,2658.6,2554.95,2559.2,2599.766711,282255,21527,733797153,58377,20.68,103.65,-62.8
15-Jun-22,2610,2637.4,2585.1,2596.3,2613.289824,163116,11651,426269383,33178,20.34,52.3,-13.7
14-Jun-22,2653,2670.15,2613.85,2627.35,2637.801247,152984,12611,403541386,29338,19.18,56.3,-25.65
13-Jun-22,2653.8,2673.3,2616.4,2662.8,2645.712193,187994,14888,497378018,47072,25.04,56.9,9
10-Jun-22,2774.35,2790.05,2701.6,2714,2739.222228,246751,20034,675905824,83966,34.03,88.45,-60.35
09-Jun-22,2709,2802,2709,2798.6,2767.891893,298046,19174,824959107,139431,46.78,93,89.6
08-Jun-22,2775.2,2782.1,2715.6,2724.3,2740.361492,186942,11639,512288658,70763,37.85,66.5,-50.9
07-Jun-22,2764,2791,2754,2772.5,2773.105756,154819,10501,429329460,24738,15.98,37,8.5
06-Jun-22,2780.6,2813.75,2751.55,2766.9,2776.821657,275733,18674,765661366,86101,31.23,62.2,-13.7
03-Jun-22,2746.95,2816.35,2740,2779.5,2796.373976,636698,42914,1780445718,301515,47.36,76.35,32.55
02-Jun-22,2645,2732,2635.65,2724.5,2707.461869,299786,20363,811659164,131636,43.91,96.35,79.5
01-Jun-22,2632.35,2654.95,2616.1,2632.2,2637.588031,147783,11931,389790672,48704,32.96,38.85,-0.15
31-May-22,2646,2678.75,2615.85,2633.9,2642.160323,590084,19983,1559096532,420270,71.22,62.9,-12.1
30-May-22,2619.8,2673,2594.85,2663.75,2642.017258,263592,21125,696414613,146456,55.56,78.15,43.95
27-May-22,2596.95,2605.55,2539.35,2575.2,2572.888647,199303,16761,512784426,65623,32.93,66.2,-21.75
26-May-22,2618,2633.9,2547.7,2587.45,2588.918277,183889,15579,476073593,33138,18.02,86.2,-30.55
25-May-22,2632.35,2655.8,2601.85,2611.15,2626.189392,248030,20206,651373755,108049,43.56,53.95,-21.2
24-May-22,2624,2637.8,2598,2616,2621.289251,147965,13473,387859064,47949,32.41,39.8,-8
23-May-22,2630,2653.75,2592.95,2605.95,2616.738811,278346,18465,728358781,88833,31.91,60.8,-24.05
20-May-22,2515,2643,2503,2622.15,2576.949926,277207,21461,714348558,95269,34.37,140,107.15
19-May-22,2470,2511,2466.45,2479.2,2490.200904,728658,25314,1814504810,596247,81.83,44.55,9.2
18-May-22,2539,2570,2508.3,2538.8,2535.700589,276653,21897,701509175,74202,26.82,61.7,-0.2
17-May-22,2443,2540.4,2435,2530.7,2498.048501,336675,31564,841030479,146058,43.38,105.4,87.7
16-May-22,2432,2480.75,2416.45,2427.4,2447.590738,207222,21011,507194648,65528,31.62,64.3,-4.6
13-May-22,2432,2478,2416.05,2428.05,2450.793087,290185,25989,711183392,79212,27.3,61.95,-3.95
12-May-22,2419,2440,2370,2400.95,2399.472966,375949,39075,902079462,191869,51.04,70,-18.05
11-May-22,2478.7,2485.05,2421.9,2449.75,2457.071584,269992,20980,663389671,115015,42.6,63.15,-28.95
10-May-22,2499,2525.25,2459,2473.25,2496.905245,228368,18058,570213257,69367,30.38,66.25,-25.75
09-May-22,2575,2597.2,2507.1,2517.15,2542.155895,394528,40031,1002951681,167673,42.5,90.1,-57.85
06-May-22,2640.75,2659.55,2594.6,2621.15,2621.877341,249708,21561,654703747,75161,30.1,64.95,-19.6
05-May-22,2721,2729.65,2632,2640.75,2682.979466,355466,24796,953707979,223846,62.97,97.65,-80.25
04-May-22,2785,2785.15,2675.8,2693.15,2776.081497,3251053,25838,9025188080,3101978,95.41,109.35,-91.85
02-May-22,2755.5,2805,2755.5,2780.55,2782.786316,244590,21118,680641705,115430,47.19,49.5,25.05
29-Apr-22,2855,2855,2777.55,2790.8,2829.194888,202927,15802,574120031,108695,53.56,77.45,-64.2
28-Apr-22,2815,2850,2786.3,2819.2,2823.77369,264655,21873,747325826,112398,42.47,63.7,4.2
27-Apr-22,2759.7,2827.1,2757,2777.9,2797.914395,389360,33414,1089395949,153911,39.53,70.1,18.2
26-Apr-22,2708,2795.65,2708,2775.7,2741.361123,240951,19918,660533704,93207,38.68,87.65,67.7
25-Apr-22,2739.45,2758.35,2664.4,2694.85,2714.221142,208296,17003,565361407,74717,35.87,93.95,-44.6
22-Apr-22,2765.05,2800.65,2743.85,2758.45,2771.474899,314673,25049,872108321,147553,46.89,56.8,-6.6
21-Apr-22,2759,2788.8,2733.65,2782.15,2770.146107,280821,22285,777915200,102113,36.36,55.15,23.15
20-Apr-22,2655.75,2733.65,2650,2718.4,2707.291801,458162,28401,1240378226,201414,43.96,83.65,62.65
19-Apr-22,2554.1,2667,2551.1,2638.45,2634.192652,545067,41628,1435811486,298472,54.76,115.9,84.35
18-Apr-22,2530.25,2559.05,2522.6,2544.15,2536.452961,215288,20575,546067885,118162,54.89,36.45,13.9
13-Apr-22,2577,2592.9,2546,2552.45,2565.956501,156923,13210,402657592,76191,48.55,46.9,-24.55
12-Apr-22,2588,2602.4,2556,2560.15,2572.288487,213157,14506,548301297,112809,52.92,46.4,-27.85
11-Apr-22,2599,2638,2582.65,2609.8,2604.181554,209888,20192,546586458,76350,36.38,55.35,10.8
08-Apr-22,2563,2625,2562.6,2616.75,2604.536944,265594,13754,691749385,145002,54.6,62.4,53.75
07-Apr-22,2599.5,2603.25,2567,2571.75,2584.084776,244738,21253,632423740,108740,44.43,36.25,-27.75
06-Apr-22,2588.65,2634.05,2588.6,2619.35,2614.719343,146948,11553,384227778,75209,51.18,45.45,30.7
05-Apr-22,2655,2668.85,2621.15,2625.4,2635.91872,112402,11736,296282536,40338,35.89,47.7,-29.6
04-Apr-22,2657,2675,2644.25,2663.05,2658.947397,137978,13686,366876244,53037,38.44,30.75,6.05
01-Apr-22,2641.3,2664.8,2622.5,2654.45,2640.18927,84826,9693,223956695,30456,35.9,42.3,13.15
31-Mar-22,2673,2673,2628.9,2633.95,2645.692335,188426,19558,498517224,83814,44.48,44.1,-39.05
30-Mar-22,2637.9,2688,2617.75,2673,2658.49229,154596,14817,410992274,57544,37.22,70.25,35.1
29-Mar-22,2637,2637,2608.2,2622.15,2622.771194,128043,12459,335827492,43033,33.61,28.8,-14.85
28-Mar-22,2611,2629.15,2586.9,2621.65,2610.310099,342191,27520,893224623,176374,51.54,42.25,10.65
25-Mar-22,2577.9,2615,2577,2596.7,2597.056804,195991,18162,508999760,92554,47.22,38,18.8
24-Mar-22,2515,2583.5,2512.05,2577.9,2557.662376,327758,27709,838294305,169170,51.61,71.45,62.9
23-Mar-22,2526.2,2565,2526.2,2539.7,2549.186469,200221,17464,510400664,76043,37.98,38.8,13.5
22-Mar-22,2463.7,2535,2454,2531.1,2515.429602,304284,23179,765404981,132832,43.65,81,67.4
21-Mar-22,2452,2483.7,2442,2467.15,2466.332793,207916,16194,512790049,114923,55.27,41.7,15.15
17-Mar-22,2438,2496.9,2401.15,2479.65,2446.41957,286443,22523,700759761,138614,48.39,95.75,41.65
16-Mar-22,2387.95,2407.05,2376.45,2403.25,2395.930052,276207,20490,661772652,137424,49.75,30.6,15.3
15-Mar-22,2431.8,2431.8,2341.2,2363.45,2394.703078,412984,18178,988974056,219326,53.11,90.6,-68.35
14-Mar-22,2394,2424.35,2375,2418.55,2401.462598,316063,19079,759013473,200647,63.48,49.35,24.55
11-Mar-22,2372,2410.4,2372,2398.5,2396.335383,292287,22834,700417680,152721,52.25,38.4,26.5
10-Mar-22,2415,2415,2360,2393.25,2387.298558,481296,29924,1148997247,207175,43.05,55,-21.75
09-Mar-22,2249,2366.7,2233.95,2353.8,2312.141909,430958,39356,996436053,170141,39.48,132.75,104.8
08-Mar-22,2205,2245.8,2181,2236.7,2218.73734,665930,53449,1477523757,336111,50.47,64.8,31.7
07-Mar-22,2296,2311.85,2222.65,2239.95,2260.58771,577322,37375,1305087018,272865,47.26,89.2,-56.05
04-Mar-22,2355,2364.7,2320.55,2325.35,2337.685987,206310,16293,482287996,94740,45.92,44.15,-29.65
03-Mar-22,2411,2414.45,2370,2378.2,2396.194635,232245,15479,556504223,105116,45.26,44.45,-32.8
02-Mar-22,2349.1,2400.45,2331.1,2398.4,2369.632394,298733,16557,707887394,138915,46.5,69.35,49.3
28-Feb-22,2247.05,2367,2245,2359.1,2309.884883,361763,29272,835630885,132956,36.75,122,112.05
25-Feb-22,2275.6,2307,2275.6,2283.95,2291.873908,234948,21111,538471191,112821,48.02,31.4,8.35
24-Feb-22,2314,2339.85,2242.5,2255.6,2295.238504,550535,41625,1263609130,315777,57.36,97.35,-58.4
23-Feb-22,2398.6,2406.05,2367.9,2373.8,2396.371896,187278,12038,448787736,103388,55.21,38.15,-24.8
22-Feb-22,2352,2395.7,2346.75,2388.2,2370.708034,388107,28331,920088383,203497,52.43,48.95,36.2
21-Feb-22,2414.9,2436.8,2385,2400.15,2409.337397,248274,19888,598175833,134878,54.33,51.8,-14.75
18-Feb-22,2435,2456,2421,2424.15,2441.445645,242341,19583,591662379,99931,41.24,35,-10.85
17-Feb-22,2418,2454.4,2410.5,2444.9,2440.325207,248666,16599,606825908,124763,50.17,43.9,26.9
16-Feb-22,2427.55,2432.05,2396,2412.35,2419.929778,241833,15405,585218878,142572,58.95,36.05,-15.2
15-Feb-22,2352,2424,2335.85,2417.35,2380.158615,389799,34153,927783448,212691,54.56,88.15,65.35
14-Feb-22,2300,2354,2300,2338.8,2337.910014,310248,27415,725331906,138802,44.74,54,38.8
11-Feb-22,2374,2384,2343.95,2376.85,2365.345214,192243,12019,454721060,120819,62.85,40.05,2.85
10-Feb-22,2397.4,2397.4,2365,2379,2381.97705,226054,18011,538455440,118653,52.49,32.4,-18.4
09-Feb-22,2367.1,2386.6,2358.6,2383.95,2371.676984,1356126,11903,3216292822,1275505,94.06,28,16.85
08-Feb-22,2333,2359.95,2310,2355.6,2334.748161,1601702,22714,3739570799,1450944,90.59,49.95,22.6
07-Feb-22,2338,2356.8,2305.05,2317.65,2331.974339,1643527,23783,3832662790,1487460,90.5,51.75,-20.35
04-Feb-22,2349,2349.55,2322,2331.8,2334.61929,330454,18910,771484283,188997,57.19,27.55,-17.2
03-Feb-22,2384,2401.55,2348,2352.7,2369.332016,136394,12835,323162671,70272,51.52,53.55,-31.3
02-Feb-22,2410.4,2410.4,2376,2383.5,2386.325726,337670,21820,805790608,228993,67.82,34.4,-26.9
01-Feb-22,2410,2420.55,2347.65,2380.45,2405.008305,2496945,19446,6005173462,2366046,94.76,72.9,-29.55
31-Jan-22,2355,2406.35,2355,2386.35,2389.849204,185589,15173,443529724,92280,49.72,51.35,31.35
28-Jan-22,2365,2372.4,2329,2335.4,2347.955908,2787192,30836,6544203923,2608002,93.57,43.4,-29.6
27-Jan-22,2345,2355.55,2312,2338.25,2333.071196,385697,35928,899858561,208834,54.14,43.55,-6.75
25-Jan-22,2364.7,2388.6,2305.05,2373.7,2340.569234,439517,30843,1028719968,217405,49.46,83.55,9
24-Jan-22,2478.1,2504.1,2352.7,2377.55,2424.608906,579337,55994,1404665650,212459,36.67,151.4,-100.55
21-Jan-22,2450.15,2501.95,2450.15,2478.1,2475.170093,320142,23410,792405904,165703,51.76,51.8,27.95
20-Jan-22,2497,2511.25,2455,2478.8,2480.36126,202569,12068,502444300,112922,55.74,56.25,-18.2
19-Jan-22,2526.3,2541.65,2508.8,2521.4,2523.240228,132491,10802,334306621,44137,33.31,32.85,-4.9
18-Jan-22,2553,2562.8,2515.5,2520.85,2539.209639,194301,20189,493370972,87095,44.82,47.3,-32.15
17-Jan-22,2539.6,2565,2538.75,2552.3,2555.443749,102051,9595,260785590,40673,39.86,26.25,12.7
14-Jan-22,2530,2566.5,2525.8,2538.7,2543.383672,233864,20272,594805879,93794,40.11,40.7,8.7
13-Jan-22,2523.7,2540.95,2508.8,2535.35,2522.724105,272194,10302,686670365,44104,16.2,32.15,11.65
12-Jan-22,2472.45,2524.35,2465.4,2520.6,2504.288097,196309,16405,491614292,76586,39.01,58.95,48.15
11-Jan-22,2431.1,2474.1,2431.1,2454.9,2446.971082,334250,10869,817900084,229830,68.76,43,23.8
10-Jan-22,2453.95,2456.45,2416.55,2437.65,2433.662718,166454,17408,405092894,78772,47.32,39.9,-16.3
07-Jan-22,2436,2457.65,2411.5,2435.95,2438.080746,371610,21284,906015186,153749,41.37,46.15,-0.05
06-Jan-22,2454,2454,2409,2416.6,2426.120932,311647,17706,756093310,185873,59.64,45,-37.4
05-Jan-22,2460.15,2476.3,2433,2466.05,2450.308812,256771,14968,629168244,135779,52.88,43.3,5.9
04-Jan-22,2410,2461.95,2403,2457.75,2434.124214,559316,29928,1361444619,300783,53.78,58.95,47.75
03-Jan-22,2367.5,2408.95,2364.95,2404.35,2394.596554,272926,18762,653547659,138852,50.88,44,36.85
